{"cameraMode":{"drawMode":0,"name":"Shaded","section":"Shading Mode"},"sceneLighting":false,"audioPlay":false,"sceneViewState":{"showFog":false,"showMaterialUpdate":false,"showSkybox":true,"showFlares":false,"showImageEffects":false,"showParticleSystems":false},"in2DMode":false,"pivot":{"x":7.116537094116211,"y":-1.8002846240997315,"z":-7.967685699462891},"rotation":{"x":0.08121881633996964,"y":0.00597551092505455,"z":-0.00048702338244765997,"w":0.996680736541748},"size":10.0,"orthographic":false}