{"cameraMode":{"drawMode":2,"name":"Shaded Wireframe","section":"Shading Mode"},"sceneLighting":true,"audioPlay":false,"sceneViewState":{"showFog":false,"showMaterialUpdate":false,"showSkybox":true,"showFlares":false,"showImageEffects":false,"showParticleSystems":false},"in2DMode":false,"pivot":{"x":-1.2211146354675294,"y":1.1873568296432496,"z":-1.1195164918899537},"rotation":{"x":0.12926751375198365,"y":0.8199299573898315,"z":0.20432983338832856,"w":-0.5190235376358032},"size":2.1073949337005617,"orthographic":false}