{"cameraMode":{"drawMode":0,"name":"Shaded","section":"Shading Mode"},"sceneLighting":false,"audioPlay":false,"sceneViewState":{"showFog":false,"showMaterialUpdate":false,"showSkybox":true,"showFlares":false,"showImageEffects":false,"showParticleSystems":false},"in2DMode":false,"pivot":{"x":-15.608048439025879,"y":-12.51528263092041,"z":2.603196859359741},"rotation":{"x":0.14685863256454469,"y":-0.6413044929504395,"z":0.12687033414840699,"w":0.7423427700996399},"size":16.890199661254884,"orthographic":false}